Divisão;Livro;Capítulo;Versículos;Palavras;Caracteres
Velho Testamento;Gênesis;'1';31;726;3531
Velho Testamento;Gênesis;'2';25;574;2733
Velho Testamento;Gênesis;'3';24;588;2955
Velho Testamento;Gênesis;'4';26;596;2884
Velho Testamento;Gênesis;'5';32;495;2520
Velho Testamento;Gênesis;'6';22;525;2714
Velho Testamento;Gênesis;'7';24;553;2770
Velho Testamento;Gênesis;'8';22;531;2630
Velho Testamento;Gênesis;'9';29;612;3076
Velho Testamento;Gênesis;'10';32;465;2400
Velho Testamento;Gênesis;'11';32;588;2889
Velho Testamento;Gênesis;'12';20;466;2375
Velho Testamento;Gênesis;'13';18;417;2086
Velho Testamento;Gênesis;'14';24;571;2924
Velho Testamento;Gênesis;'15';21;405;2100
Velho Testamento;Gênesis;'16';16;384;1934
Velho Testamento;Gênesis;'17';27;626;3347
Velho Testamento;Gênesis;'18';33;754;4014
Velho Testamento;Gênesis;'19';38;988;5253
Velho Testamento;Gênesis;'20';18;453;2391
Velho Testamento;Gênesis;'21';34;668;3487
Velho Testamento;Gênesis;'22';24;558;2899
Velho Testamento;Gênesis;'23';20;469;2435
Velho Testamento;Gênesis;'24';67;1634;8390
Velho Testamento;Gênesis;'25';34;649;3445
Velho Testamento;Gênesis;'26';35;775;4267
Velho Testamento;Gênesis;'27';46;1133;5807
Velho Testamento;Gênesis;'28';22;538;2682
Velho Testamento;Gênesis;'29';35;757;3821
Velho Testamento;Gênesis;'30';43;906;4812
Velho Testamento;Gênesis;'31';55;1300;6775
Velho Testamento;Gênesis;'32';32;709;3694
Velho Testamento;Gênesis;'33';20;464;2430
Velho Testamento;Gênesis;'34';31;686;3732
Velho Testamento;Gênesis;'35';29;599;3115
Velho Testamento;Gênesis;'36';43;830;4287
Velho Testamento;Gênesis;'37';36;803;4358
Velho Testamento;Gênesis;'38';30;740;3784
Velho Testamento;Gênesis;'39';23;588;2972
Velho Testamento;Gênesis;'40';23;517;2723
Velho Testamento;Gênesis;'41';57;1257;6461
Velho Testamento;Gênesis;'42';38;851;4670
Velho Testamento;Gênesis;'43';34;829;4622
Velho Testamento;Gênesis;'44';34;780;4063
Velho Testamento;Gênesis;'45';28;698;3564
Velho Testamento;Gênesis;'46';34;701;3546
Velho Testamento;Gênesis;'47';31;900;4634
Velho Testamento;Gênesis;'48';22;609;3112
Velho Testamento;Gênesis;'49';33;684;3577
Velho Testamento;Gênesis;'50';26;622;3311
Velho Testamento;Êxodo;'1';22;419;2279
Velho Testamento;Êxodo;'2';25;574;2937
Velho Testamento;Êxodo;'3';22;655;3278
Velho Testamento;Êxodo;'4';31;761;3806
Velho Testamento;Êxodo;'5';23;522;2896
Velho Testamento;Êxodo;'6';30;663;3444
Velho Testamento;Êxodo;'7';25;641;3243
Velho Testamento;Êxodo;'8';32;842;4245
Velho Testamento;Êxodo;'9';35;896;4509
Velho Testamento;Êxodo;'10';29;829;4288
Velho Testamento;Êxodo;'11';10;289;1504
Velho Testamento;Êxodo;'12';51;1208;6627
Velho Testamento;Êxodo;'13';22;559;3017
Velho Testamento;Êxodo;'14';31;818;4307
Velho Testamento;Êxodo;'15';27;611;3395
Velho Testamento;Êxodo;'16';36;897;4805
Velho Testamento;Êxodo;'17';16;417;2204
Velho Testamento;Êxodo;'18';27;672;3419
Velho Testamento;Êxodo;'19';25;600;3222
Velho Testamento;Êxodo;'20';26;518;2639
Velho Testamento;Êxodo;'21';36;736;3810
Velho Testamento;Êxodo;'22';31;633;3393
Velho Testamento;Êxodo;'23';33;727;3890
Velho Testamento;Êxodo;'24';18;421;2191
Velho Testamento;Êxodo;'25';40;819;4299
Velho Testamento;Êxodo;'26';37;818;4544
Velho Testamento;Êxodo;'27';21;535;2829
Velho Testamento;Êxodo;'28';43;1046;5598
Velho Testamento;Êxodo;'29';46;1133;5973
Velho Testamento;Êxodo;'30';38;806;4391
Velho Testamento;Êxodo;'31';18;393;2097
Velho Testamento;Êxodo;'32';35;919;4892
Velho Testamento;Êxodo;'33';23;629;3217
Velho Testamento;Êxodo;'34';35;913;4926
Velho Testamento;Êxodo;'35';35;776;4098
Velho Testamento;Êxodo;'36';38;846;4602
Velho Testamento;Êxodo;'37';29;683;3479
Velho Testamento;Êxodo;'38';31;781;4032
Velho Testamento;Êxodo;'39';43;992;5226
Velho Testamento;Êxodo;'40';38;708;3764
Velho Testamento;Levítico;'1';17;433;2250
Velho Testamento;Levítico;'2';16;395;2206
Velho Testamento;Levítico;'3';17;425;2238
Velho Testamento;Levítico;'4';35;935;5019
Velho Testamento;Levítico;'5';19;587;3294
Velho Testamento;Levítico;'6';30;730;3863
Velho Testamento;Levítico;'7';38;872;4729
Velho Testamento;Levítico;'8';36;932;4789
Velho Testamento;Levítico;'9';24;551;2897
Velho Testamento;Levítico;'10';20;568;3186
Velho Testamento;Levítico;'11';47;1012;5284
Velho Testamento;Levítico;'12';8;219;1172
Velho Testamento;Levítico;'13';59;1567;8102
Velho Testamento;Levítico;'14';57;1461;7589
Velho Testamento;Levítico;'15';33;878;4438
Velho Testamento;Levítico;'16';34;967;5221
Velho Testamento;Levítico;'17';16;425;2359
Velho Testamento;Levítico;'18';30;597;3177
Velho Testamento;Levítico;'19';37;739;4145
Velho Testamento;Levítico;'20';27;732;3952
Velho Testamento;Levítico;'21';24;504;2709
Velho Testamento;Levítico;'22';33;745;4091
Velho Testamento;Levítico;'23';44;932;5446
Velho Testamento;Levítico;'24';23;468;2592
Velho Testamento;Levítico;'25';55;1250;6822
Velho Testamento;Levítico;'26';46;1103;6135
Velho Testamento;Levítico;'27';34;784;4194
Velho Testamento;Números;'1';54;1110;6101
Velho Testamento;Números;'2';34;744;4048
Velho Testamento;Números;'3';51;1158;6146
Velho Testamento;Números;'4';49;1260;6889
Velho Testamento;Números;'5';31;798;4316
Velho Testamento;Números;'6';27;655;3504
Velho Testamento;Números;'7';89;1698;9414
Velho Testamento;Números;'8';26;623;3431
Velho Testamento;Números;'9';23;602;3298
Velho Testamento;Números;'10';36;707;4025
Velho Testamento;Números;'11';35;906;4772
Velho Testamento;Números;'12';16;338;1736
Velho Testamento;Números;'13';33;626;3288
Velho Testamento;Números;'14';45;1009;5572
Velho Testamento;Números;'15';41;893;5071
Velho Testamento;Números;'16';50;1174;6390
Velho Testamento;Números;'17';13;300;1621
Velho Testamento;Números;'18';32;944;5130
Velho Testamento;Números;'19';22;603;3151
Velho Testamento;Números;'20';29;682;3648
Velho Testamento;Números;'21';35;815;4330
Velho Testamento;Números;'22';41;1048;5677
Velho Testamento;Números;'23';30;645;3525
Velho Testamento;Números;'24';25;571;3072
Velho Testamento;Números;'25';18;383;2027
Velho Testamento;Números;'26';65;1303;7234
Velho Testamento;Números;'27';23;539;2895
Velho Testamento;Números;'28';31;630;3603
Velho Testamento;Números;'29';40;844;4796
Velho Testamento;Números;'30';16;472;2375
Velho Testamento;Números;'31';54;1122;6037
Velho Testamento;Números;'32';42;919;4980
Velho Testamento;Números;'33';56;806;4643
Velho Testamento;Números;'34';29;556;2863
Velho Testamento;Números;'35';34;805;4430
Velho Testamento;Números;'36';13;392;2086
Velho Testamento;Deuteronômio;'1';46;1087;5931
Velho Testamento;Deuteronômio;'2';37;902;4866
Velho Testamento;Deuteronômio;'3';29;754;3961
Velho Testamento;Deuteronômio;'4';49;1354;7094
Velho Testamento;Deuteronômio;'5';33;783;4010
Velho Testamento;Deuteronômio;'6';25;558;2901
Velho Testamento;Deuteronômio;'7';26;761;3968
Velho Testamento;Deuteronômio;'8';20;521;2735
Velho Testamento;Deuteronômio;'9';29;852;4471
Velho Testamento;Deuteronômio;'10';22;536;2753
Velho Testamento;Deuteronômio;'11';32;826;4271
Velho Testamento;Deuteronômio;'12';32;941;4967
Velho Testamento;Deuteronômio;'13';18;515;2690
Velho Testamento;Deuteronômio;'14';29;608;3061
Velho Testamento;Deuteronômio;'15';23;595;3127
Velho Testamento;Deuteronômio;'16';22;589;3082
Velho Testamento;Deuteronômio;'17';20;585;3095
Velho Testamento;Deuteronômio;'18';22;505;2694
Velho Testamento;Deuteronômio;'19';21;535;2852
Velho Testamento;Deuteronômio;'20';20;543;2913
Velho Testamento;Deuteronômio;'21';23;604;3145
Velho Testamento;Deuteronômio;'22';30;736;3831
Velho Testamento;Deuteronômio;'23';25;538;3002
Velho Testamento;Deuteronômio;'24';22;562;2920
Velho Testamento;Deuteronômio;'25';19;465;2421
Velho Testamento;Deuteronômio;'26';19;582;2963
Velho Testamento;Deuteronômio;'27';26;509;2761
Velho Testamento;Deuteronômio;'28';68;1798;9280
Velho Testamento;Deuteronômio;'29';29;770;4045
Velho Testamento;Deuteronômio;'30';20;611;3119
Velho Testamento;Deuteronômio;'31';30;863;4678
Velho Testamento;Deuteronômio;'32';52;1160;6221
Velho Testamento;Deuteronômio;'33';29;725;3675
Velho Testamento;Deuteronômio;'34';12;295;1497
Velho Testamento;Josué;'1';18;493;2660
Velho Testamento;Josué;'2';24;686;3756
Velho Testamento;Josué;'3';17;479;2607
Velho Testamento;Josué;'4';24;590;3273
Velho Testamento;Josué;'5';15;481;2579
Velho Testamento;Josué;'6';27;780;4193
Velho Testamento;Josué;'7';26;800;4259
Velho Testamento;Josué;'8';35;1037;5490
Velho Testamento;Josué;'9';27;695;3835
Velho Testamento;Josué;'10';43;1257;6435
Velho Testamento;Josué;'11';23;658;3507
Velho Testamento;Josué;'12';24;470;2305
Velho Testamento;Josué;'13';33;779;4047
Velho Testamento;Josué;'14';15;437;2345
Velho Testamento;Josué;'15';63;983;4942
Velho Testamento;Josué;'16';10;240;1282
Velho Testamento;Josué;'17';18;586;3163
Velho Testamento;Josué;'18';28;708;3630
Velho Testamento;Josué;'19';51;879;4593
Velho Testamento;Josué;'20';9;280;1512
Velho Testamento;Josué;'21';45;934;5119
Velho Testamento;Josué;'22';34;1177;6484
Velho Testamento;Josué;'23';16;514;2683
Velho Testamento;Josué;'24';33;948;4986
Velho Testamento;Juízes;'1';36;874;4812
Velho Testamento;Juízes;'2';23;600;3272
Velho Testamento;Juízes;'3';31;786;4270
Velho Testamento;Juízes;'4';24;676;3562
Velho Testamento;Juízes;'5';31;678;3893
Velho Testamento;Juízes;'6';40;1128;5857
Velho Testamento;Juízes;'7';25;853;4584
Velho Testamento;Juízes;'8';35;898;4888
Velho Testamento;Juízes;'9';57;1499;7997
Velho Testamento;Juízes;'10';18;450;2417
Velho Testamento;Juízes;'11';40;1085;5780
Velho Testamento;Juízes;'12';15;350;1956
Velho Testamento;Juízes;'13';25;652;3411
Velho Testamento;Juízes;'14';20;634;3322
Velho Testamento;Juízes;'15';20;558;3035
Velho Testamento;Juízes;'16';31;1001;5499
Velho Testamento;Juízes;'17';13;346;1779
Velho Testamento;Juízes;'18';31;919;4899
Velho Testamento;Juízes;'19';30;968;5036
Velho Testamento;Juízes;'20';48;1281;7103
Velho Testamento;Juízes;'21';25;642;3575
Velho Testamento;Rute;'1';22;571;3032
Velho Testamento;Rute;'2';23;647;3400
Velho Testamento;Rute;'3';18;438;2291
Velho Testamento;Rute;'4';22;577;2942
Velho Testamento;1 Samuel;'1';28;716;3718
Velho Testamento;1 Samuel;'2';36;1016;5324
Velho Testamento;1 Samuel;'3';21;503;2655
Velho Testamento;1 Samuel;'4';22;659;3508
Velho Testamento;1 Samuel;'5';12;402;2073
Velho Testamento;1 Samuel;'6';21;691;3790
Velho Testamento;1 Samuel;'7';17;468;2557
Velho Testamento;1 Samuel;'8';22;493;2620
Velho Testamento;1 Samuel;'9';27;843;4472
Velho Testamento;1 Samuel;'10';27;751;3955
Velho Testamento;1 Samuel;'11';15;423;2310
Velho Testamento;1 Samuel;'12';25;695;3681
Velho Testamento;1 Samuel;'13';23;633;3415
Velho Testamento;1 Samuel;'14';52;1450;7677
Velho Testamento;1 Samuel;'15';35;905;4864
Velho Testamento;1 Samuel;'16';23;642;3377
Velho Testamento;1 Samuel;'17';58;1556;8134
Velho Testamento;1 Samuel;'18';30;799;4086
Velho Testamento;1 Samuel;'19';24;636;3372
Velho Testamento;1 Samuel;'20';42;1174;6140
Velho Testamento;1 Samuel;'21';15;437;2320
Velho Testamento;1 Samuel;'22';23;728;3760
Velho Testamento;1 Samuel;'23';29;752;4014
Velho Testamento;1 Samuel;'24';22;625;3155
Velho Testamento;1 Samuel;'25';44;1348;6926
Velho Testamento;1 Samuel;'26';25;784;4080
Velho Testamento;1 Samuel;'27';12;369;1919
Velho Testamento;1 Samuel;'28';25;739;3846
Velho Testamento;1 Samuel;'29';11;392;2095
Velho Testamento;1 Samuel;'30';31;818;4381
Velho Testamento;1 Samuel;'31';13;344;1853
Velho Testamento;2 Samuel;'1';27;625;3327
Velho Testamento;2 Samuel;'2';32;835;4459
Velho Testamento;2 Samuel;'3';39;1060;5436
Velho Testamento;2 Samuel;'4';12;412;2164
Velho Testamento;2 Samuel;'5';25;559;2994
Velho Testamento;2 Samuel;'6';23;643;3294
Velho Testamento;2 Samuel;'7';29;785;4061
Velho Testamento;2 Samuel;'8';18;440;2358
Velho Testamento;2 Samuel;'9';13;370;1886
Velho Testamento;2 Samuel;'10';19;559;3015
Velho Testamento;2 Samuel;'11';27;738;3801
Velho Testamento;2 Samuel;'12';31;882;4511
Velho Testamento;2 Samuel;'13';39;1039;5483
Velho Testamento;2 Samuel;'14';33;1031;5152
Velho Testamento;2 Samuel;'15';37;1017;5436
Velho Testamento;2 Samuel;'16';23;663;3456
Velho Testamento;2 Samuel;'17';29;874;4600
Velho Testamento;2 Samuel;'18';33;1032;5249
Velho Testamento;2 Samuel;'19';43;1370;6953
Velho Testamento;2 Samuel;'20';26;771;4030
Velho Testamento;2 Samuel;'21';22;689;3666
Velho Testamento;2 Samuel;'22';51;833;4459
Velho Testamento;2 Samuel;'23';39;780;4232
Velho Testamento;2 Samuel;'24';25;759;3901
Velho Testamento;1 Reis;'1';53;1389;7181
Velho Testamento;1 Reis;'2';46;1397;7195
Velho Testamento;1 Reis;'3';28;784;4090
Velho Testamento;1 Reis;'4';34;679;3585
Velho Testamento;1 Reis;'5';18;493;2580
Velho Testamento;1 Reis;'6';38;942;4876
Velho Testamento;1 Reis;'7';51;1420;7384
Velho Testamento;1 Reis;'8';66;1981;10367
Velho Testamento;1 Reis;'9';28;756;3953
Velho Testamento;1 Reis;'10';29;777;4060
Velho Testamento;1 Reis;'11';43;1146;6098
Velho Testamento;1 Reis;'12';33;906;4831
Velho Testamento;1 Reis;'13';34;948;4981
Velho Testamento;1 Reis;'14';31;901;4603
Velho Testamento;1 Reis;'15';34;891;4504
Velho Testamento;1 Reis;'16';34;921;4724
Velho Testamento;1 Reis;'17';24;606;3063
Velho Testamento;1 Reis;'18';46;1262;6614
Velho Testamento;1 Reis;'19';21;662;3347
Velho Testamento;1 Reis;'20';43;1285;6775
Velho Testamento;1 Reis;'21';29;780;4245
Velho Testamento;1 Reis;'22';53;1404;7278
Velho Testamento;2 Reis;'1';18;550;3011
Velho Testamento;2 Reis;'2';25;688;3672
Velho Testamento;2 Reis;'3';27;761;4054
Velho Testamento;2 Reis;'4';44;1181;5916
Velho Testamento;2 Reis;'5';27;869;4583
Velho Testamento;2 Reis;'6';33;900;4588
Velho Testamento;2 Reis;'7';20;697;3766
Velho Testamento;2 Reis;'8';29;878;4501
Velho Testamento;2 Reis;'9';37;1062;5478
Velho Testamento;2 Reis;'10';36;1063;5614
Velho Testamento;2 Reis;'11';21;643;3218
Velho Testamento;2 Reis;'12';21;629;3344
Velho Testamento;2 Reis;'13';25;699;3634
Velho Testamento;2 Reis;'14';29;791;4094
Velho Testamento;2 Reis;'15';38;979;5014
Velho Testamento;2 Reis;'16';20;617;3163
Velho Testamento;2 Reis;'17';41;1163;6325
Velho Testamento;2 Reis;'18';37;1081;5759
Velho Testamento;2 Reis;'19';37;1001;5310
Velho Testamento;2 Reis;'20';21;580;3017
Velho Testamento;2 Reis;'21';26;697;3653
Velho Testamento;2 Reis;'22';20;627;3258
Velho Testamento;2 Reis;'23';37;1309;6900
Velho Testamento;2 Reis;'24';20;538;2895
Velho Testamento;2 Reis;'25';30;890;4691
Velho Testamento;1 Crônicas;'1';54;675;3480
Velho Testamento;1 Crônicas;'2';55;857;4297
Velho Testamento;1 Crônicas;'3';24;349;1988
Velho Testamento;1 Crônicas;'4';43;820;4259
Velho Testamento;1 Crônicas;'5';26;610;3393
Velho Testamento;1 Crônicas;'6';81;1253;6702
Velho Testamento;1 Crônicas;'7';40;803;4227
Velho Testamento;1 Crônicas;'8';40;463;2466
Velho Testamento;1 Crônicas;'9';44;875;4911
Velho Testamento;1 Crônicas;'10';14;351;1898
Velho Testamento;1 Crônicas;'11';47;854;4638
Velho Testamento;1 Crônicas;'12';40;887;4904
Velho Testamento;1 Crônicas;'13';14;360;1841
Velho Testamento;1 Crônicas;'14';17;309;1724
Velho Testamento;1 Crônicas;'15';29;617;3469
Velho Testamento;1 Crônicas;'16';43;783;4337
Velho Testamento;1 Crônicas;'17';27;698;3646
Velho Testamento;1 Crônicas;'18';17;396;2157
Velho Testamento;1 Crônicas;'19';19;578;3143
Velho Testamento;1 Crônicas;'20';8;256;1318
Velho Testamento;1 Crônicas;'21';30;817;4225
Velho Testamento;1 Crônicas;'22';19;578;3078
Velho Testamento;1 Crônicas;'23';32;631;3408
Velho Testamento;1 Crônicas;'24';31;502;2765
Velho Testamento;1 Crônicas;'25';31;486;2706
Velho Testamento;1 Crônicas;'26';32;677;3836
Velho Testamento;1 Crônicas;'27';34;716;3930
Velho Testamento;1 Crônicas;'28';21;783;4103
Velho Testamento;1 Crônicas;'29';30;907;4812
Velho Testamento;2 Crônicas;'1';17;466;2517
Velho Testamento;2 Crônicas;'2';18;587;3155
Velho Testamento;2 Crônicas;'3';17;435;2282
Velho Testamento;2 Crônicas;'4';22;544;2850
Velho Testamento;2 Crônicas;'5';14;451;2453
Velho Testamento;2 Crônicas;'6';42;1309;6829
Velho Testamento;2 Crônicas;'7';22;684;3598
Velho Testamento;2 Crônicas;'8';18;482;2657
Velho Testamento;2 Crônicas;'9';31;827;4369
Velho Testamento;2 Crônicas;'10';19;505;2728
Velho Testamento;2 Crônicas;'11';23;461;2531
Velho Testamento;2 Crônicas;'12';16;446;2417
Velho Testamento;2 Crônicas;'13';22;605;3339
Velho Testamento;2 Crônicas;'14';15;394;2135
Velho Testamento;2 Crônicas;'15';19;455;2419
Velho Testamento;2 Crônicas;'16';14;430;2282
Velho Testamento;2 Crônicas;'17';19;397;2188
Velho Testamento;2 Crônicas;'18';34;934;4881
Velho Testamento;2 Crônicas;'19';11;326;1785
Velho Testamento;2 Crônicas;'20';37;1033;5606
Velho Testamento;2 Crônicas;'21';20;586;3103
Velho Testamento;2 Crônicas;'22';12;409;2189
Velho Testamento;2 Crônicas;'23';21;685;3518
Velho Testamento;2 Crônicas;'24';27;808;4372
Velho Testamento;2 Crônicas;'25';28;837;4453
Velho Testamento;2 Crônicas;'26';23;653;3614
Velho Testamento;2 Crônicas;'27';9;229;1195
Velho Testamento;2 Crônicas;'28';27;831;4487
Velho Testamento;2 Crônicas;'29';36;1031;5740
Velho Testamento;2 Crônicas;'30';27;805;4530
Velho Testamento;2 Crônicas;'31';21;683;3921
Velho Testamento;2 Crônicas;'32';33;977;5336
Velho Testamento;2 Crônicas;'33';25;701;3698
Velho Testamento;2 Crônicas;'34';33;1098;5834
Velho Testamento;2 Crônicas;'35';27;850;4715
Velho Testamento;2 Crônicas;'36';23;698;3705
Velho Testamento;Esdras;'1';11;335;1796
Velho Testamento;Esdras;'2';70;946;5081
Velho Testamento;Esdras;'3';13;486;2757
Velho Testamento;Esdras;'4';24;644;3690
Velho Testamento;Esdras;'5';17;514;2823
Velho Testamento;Esdras;'6';22;697;3827
Velho Testamento;Esdras;'7';28;755;4054
Velho Testamento;Esdras;'8';36;855;4633
Velho Testamento;Esdras;'9';15;593;3304
Velho Testamento;Esdras;'10';44;804;4717
Velho Testamento;Neemias;'1';11;342;1876
Velho Testamento;Neemias;'2';20;623;3278
Velho Testamento;Neemias;'3';32;802;4464
Velho Testamento;Neemias;'4';23;598;3255
Velho Testamento;Neemias;'5';19;570;3140
Velho Testamento;Neemias;'6';19;489;2795
Velho Testamento;Neemias;'7';73;1091;5907
Velho Testamento;Neemias;'8';18;638;3461
Velho Testamento;Neemias;'9';38;1254;6923
Velho Testamento;Neemias;'10';39;615;3568
Velho Testamento;Neemias;'11';36;717;3956
Velho Testamento;Neemias;'12';47;848;4870
Velho Testamento;Neemias;'13';31;863;4829
Velho Testamento;Ester;'1';22;686;3602
Velho Testamento;Ester;'2';23;716;3861
Velho Testamento;Ester;'3';15;536;2829
Velho Testamento;Ester;'4';17;486;2526
Velho Testamento;Ester;'5';14;432;2218
Velho Testamento;Ester;'6';14;437;2272
Velho Testamento;Ester;'7';10;330;1701
Velho Testamento;Ester;'8';17;623;3295
Velho Testamento;Ester;'9';32;932;5017
Velho Testamento;Ester;'10';3;92;481
Velho Testamento;Jó;'1';22;572;2955
Velho Testamento;Jó;'2';13;338;1764
Velho Testamento;Jó;'3';26;379;1995
Velho Testamento;Jó;'4';21;315;1746
Velho Testamento;Jó;'5';27;404;2086
Velho Testamento;Jó;'6';30;439;2463
Velho Testamento;Jó;'7';21;366;1907
Velho Testamento;Jó;'8';22;318;1754
Velho Testamento;Jó;'9';35;500;2563
Velho Testamento;Jó;'10';22;364;1906
Velho Testamento;Jó;'11';20;317;1706
Velho Testamento;Jó;'12';25;365;1935
Velho Testamento;Jó;'13';28;383;2110
Velho Testamento;Jó;'14';22;354;1855
Velho Testamento;Jó;'15';35;520;2788
Velho Testamento;Jó;'16';22;359;1961
Velho Testamento;Jó;'17';16;246;1336
Velho Testamento;Jó;'18';21;302;1614
Velho Testamento;Jó;'19';29;453;2433
Velho Testamento;Jó;'20';29;440;2346
Velho Testamento;Jó;'21';34;494;2701
Velho Testamento;Jó;'22';30;417;2272
Velho Testamento;Jó;'23';17;244;1321
Velho Testamento;Jó;'24';25;412;2210
Velho Testamento;Jó;'25';6;86;428
Velho Testamento;Jó;'26';14;196;1029
Velho Testamento;Jó;'27';23;333;1786
Velho Testamento;Jó;'28';28;429;2100
Velho Testamento;Jó;'29';25;384;2042
Velho Testamento;Jó;'30';31;461;2556
Velho Testamento;Jó;'31';40;642;3306
Velho Testamento;Jó;'32';22;345;1937
Velho Testamento;Jó;'33';33;498;2574
Velho Testamento;Jó;'34';37;571;3099
Velho Testamento;Jó;'35';16;230;1207
Velho Testamento;Jó;'36';33;480;2632
Velho Testamento;Jó;'37';24;385;2011
Velho Testamento;Jó;'38';41;604;3153
Velho Testamento;Jó;'39';30;430;2197
Velho Testamento;Jó;'40';24;330;1779
Velho Testamento;Jó;'41';34;500;2653
Velho Testamento;Jó;'42';17;415;2113
Velho Testamento;Salmos;'1';6;117;618
Velho Testamento;Salmos;'2';12;174;925
Velho Testamento;Salmos;'3';8;133;723
Velho Testamento;Salmos;'4';8;148;830
Velho Testamento;Salmos;'5';12;223;1270
Velho Testamento;Salmos;'6';10;158;912
Velho Testamento;Salmos;'7';17;302;1607
Velho Testamento;Salmos;'8';9;167;834
Velho Testamento;Salmos;'9';20;331;1928
Velho Testamento;Salmos;'10';18;308;1723
Velho Testamento;Salmos;'11';7;134;699
Velho Testamento;Salmos;'12';8;134;805
Velho Testamento;Salmos;'13';6;107;593
Velho Testamento;Salmos;'14';7;146;797
Velho Testamento;Salmos;'15';5;97;523
Velho Testamento;Salmos;'16';11;188;1032
Velho Testamento;Salmos;'17';15;263;1490
Velho Testamento;Salmos;'18';50;838;4550
Velho Testamento;Salmos;'19';14;278;1407
Velho Testamento;Salmos;'20';9;139;757
Velho Testamento;Salmos;'21';13;209;1138
Velho Testamento;Salmos;'22';31;498;2683
Velho Testamento;Salmos;'23';6;107;587
Velho Testamento;Salmos;'24';10;163;847
Velho Testamento;Salmos;'25';22;322;1777
Velho Testamento;Salmos;'26';12;168;958
Velho Testamento;Salmos;'27';14;294;1664
Velho Testamento;Salmos;'28';9;194;1027
Velho Testamento;Salmos;'29';11;174;877
Velho Testamento;Salmos;'30';12;193;1045
Velho Testamento;Salmos;'31';24;445;2535
Velho Testamento;Salmos;'32';11;216;1207
Velho Testamento;Salmos;'33';22;314;1646
Velho Testamento;Salmos;'34';22;330;1710
Velho Testamento;Salmos;'35';28;484;2644
Velho Testamento;Salmos;'36';12;216;1118
Velho Testamento;Salmos;'37';40;609;3280
Velho Testamento;Salmos;'38';22;348;1847
Velho Testamento;Salmos;'39';13;266;1460
Velho Testamento;Salmos;'40';17;362;1995
Velho Testamento;Salmos;'41';13;231;1206
Velho Testamento;Salmos;'42';11;280;1453
Velho Testamento;Salmos;'43';5;120;602
Velho Testamento;Salmos;'44';26;426;2302
Velho Testamento;Salmos;'45';17;334;1738
Velho Testamento;Salmos;'46';11;193;1036
Velho Testamento;Salmos;'47';9;135;731
Velho Testamento;Salmos;'48';14;215;1138
Velho Testamento;Salmos;'49';20;329;1798
Velho Testamento;Salmos;'50';23;366;1914
Velho Testamento;Salmos;'51';19;318;1808
Velho Testamento;Salmos;'52';9;174;969
Velho Testamento;Salmos;'53';6;146;815
Velho Testamento;Salmos;'54';7;134;747
Velho Testamento;Salmos;'55';23;399;2148
Velho Testamento;Salmos;'56';13;227;1251
Velho Testamento;Salmos;'57';11;222;1232
Velho Testamento;Salmos;'58';11;187;1083
Velho Testamento;Salmos;'59';17;331;1853
Velho Testamento;Salmos;'60';12;217;1189
Velho Testamento;Salmos;'61';8;130;726
Velho Testamento;Salmos;'62';12;235;1294
Velho Testamento;Salmos;'63';11;197;993
Velho Testamento;Salmos;'64';10;171;968
Velho Testamento;Salmos;'65';13;254;1314
Velho Testamento;Salmos;'66';20;302;1642
Velho Testamento;Salmos;'67';7;108;598
Velho Testamento;Salmos;'68';35;667;3592
Velho Testamento;Salmos;'69';36;617;3427
Velho Testamento;Salmos;'70';5;97;564
Velho Testamento;Salmos;'71';24;419;2257
Velho Testamento;Salmos;'72';20;335;1766
Velho Testamento;Salmos;'73';28;397;2204
Velho Testamento;Salmos;'74';23;380;2119
Velho Testamento;Salmos;'75';10;162;887
Velho Testamento;Salmos;'76';12;194;1014
Velho Testamento;Salmos;'77';20;327;1776
Velho Testamento;Salmos;'78';72;1121;5964
Velho Testamento;Salmos;'79';13;256;1442
Velho Testamento;Salmos;'80';19;302;1654
Velho Testamento;Salmos;'81';16;242;1298
Velho Testamento;Salmos;'82';8;96;575
Velho Testamento;Salmos;'83';18;256;1405
Velho Testamento;Salmos;'84';12;216;1193
Velho Testamento;Salmos;'85';13;194;1047
Velho Testamento;Salmos;'86';17;290;1548
Velho Testamento;Salmos;'87';7;115;611
Velho Testamento;Salmos;'88';18;300;1690
Velho Testamento;Salmos;'89';52;796;4254
Velho Testamento;Salmos;'90';17;295;1580
Velho Testamento;Salmos;'91';16;241;1294
Velho Testamento;Salmos;'92';15;231;1288
Velho Testamento;Salmos;'93';5;91;476
Velho Testamento;Salmos;'94';23;340;1797
Velho Testamento;Salmos;'95';11;164;868
Velho Testamento;Salmos;'96';13;206;1077
Velho Testamento;Salmos;'97';12;189;993
Velho Testamento;Salmos;'98';9;150;803
Velho Testamento;Salmos;'99';9;151;809
Velho Testamento;Salmos;'100';5;84;430
Velho Testamento;Salmos;'101';8;150;837
Velho Testamento;Salmos;'102';28;432;2272
Velho Testamento;Salmos;'103';22;364;1961
Velho Testamento;Salmos;'104';35;532;2800
Velho Testamento;Salmos;'105';45;588;3153
Velho Testamento;Salmos;'106';48;699;3908
Velho Testamento;Salmos;'107';43;569;3180
Velho Testamento;Salmos;'108';13;198;1076
Velho Testamento;Salmos;'109';31;461;2514
Velho Testamento;Salmos;'110';7;124;674
Velho Testamento;Salmos;'111';10;157;874
Velho Testamento;Salmos;'112';10;147;839
Velho Testamento;Salmos;'113';9;120;610
Velho Testamento;Salmos;'114';8;97;513
Velho Testamento;Salmos;'115';18;249;1235
Velho Testamento;Salmos;'116';19;240;1292
Velho Testamento;Salmos;'117';2;29;163
Velho Testamento;Salmos;'118';29;390;2082
Velho Testamento;Salmos;'119';176;2304;13070
Velho Testamento;Salmos;'120';7;80;449
Velho Testamento;Salmos;'121';8;105;508
Velho Testamento;Salmos;'122';9;112;616
Velho Testamento;Salmos;'123';4;90;478
Velho Testamento;Salmos;'124';8;120;641
Velho Testamento;Salmos;'125';5;105;562
Velho Testamento;Salmos;'126';6;98;560
Velho Testamento;Salmos;'127';5;103;547
Velho Testamento;Salmos;'128';6;95;483
Velho Testamento;Salmos;'129';8;113;624
Velho Testamento;Salmos;'130';8;101;575
Velho Testamento;Salmos;'131';3;62;354
Velho Testamento;Salmos;'132';18;253;1422
Velho Testamento;Salmos;'133';3;70;331
Velho Testamento;Salmos;'134';3;45;241
Velho Testamento;Salmos;'135';21;309;1590
Velho Testamento;Salmos;'136';26;356;2009
Velho Testamento;Salmos;'137';9;149;846
Velho Testamento;Salmos;'138';8;156;834
Velho Testamento;Salmos;'139';24;389;2047
Velho Testamento;Salmos;'140';13;214;1208
Velho Testamento;Salmos;'141';10;189;1074
Velho Testamento;Salmos;'142';7;138;757
Velho Testamento;Salmos;'143';12;237;1284
Velho Testamento;Salmos;'144';15;291;1554
Velho Testamento;Salmos;'145';21;320;1659
Velho Testamento;Salmos;'146';10;163;868
Velho Testamento;Salmos;'147';20;291;1478
Velho Testamento;Salmos;'148';14;185;993
Velho Testamento;Salmos;'149';9;127;696
Velho Testamento;Salmos;'150';6;74;446
Velho Testamento;Provérbios;'1';33;478;2744
Velho Testamento;Provérbios;'2';22;298;1663
Velho Testamento;Provérbios;'3';35;506;2737
Velho Testamento;Provérbios;'4';27;396;2111
Velho Testamento;Provérbios;'5';23;360;1893
Velho Testamento;Provérbios;'6';35;497;2754
Velho Testamento;Provérbios;'7';27;390;2071
Velho Testamento;Provérbios;'8';36;557;3032
Velho Testamento;Provérbios;'9';18;257;1379
Velho Testamento;Provérbios;'10';32;483;2600
Velho Testamento;Provérbios;'11';31;481;2555
Velho Testamento;Provérbios;'12';28;446;2357
Velho Testamento;Provérbios;'13';25;399;2101
Velho Testamento;Provérbios;'14';35;547;2918
Velho Testamento;Provérbios;'15';33;506;2714
Velho Testamento;Provérbios;'16';33;534;2779
Velho Testamento;Provérbios;'17';28;481;2493
Velho Testamento;Provérbios;'18';24;378;1972
Velho Testamento;Provérbios;'19';29;480;2554
Velho Testamento;Provérbios;'20';30;476;2528
Velho Testamento;Provérbios;'21';31;468;2499
Velho Testamento;Provérbios;'22';29;460;2431
Velho Testamento;Provérbios;'23';35;524;2838
Velho Testamento;Provérbios;'24';34;547;2901
Velho Testamento;Provérbios;'25';28;477;2463
Velho Testamento;Provérbios;'26';28;446;2302
Velho Testamento;Provérbios;'27';27;479;2421
Velho Testamento;Provérbios;'28';28;491;2629
Velho Testamento;Provérbios;'29';27;413;2224
Velho Testamento;Provérbios;'30';33;576;2982
Velho Testamento;Provérbios;'31';31;446;2295
Velho Testamento;Eclesiastes;'1';18;379;1947
Velho Testamento;Eclesiastes;'2';26;702;3705
Velho Testamento;Eclesiastes;'3';22;466;2332
Velho Testamento;Eclesiastes;'4';16;359;1846
Velho Testamento;Eclesiastes;'5';20;503;2562
Velho Testamento;Eclesiastes;'6';12;299;1432
Velho Testamento;Eclesiastes;'7';29;598;3112
Velho Testamento;Eclesiastes;'8';17;475;2411
Velho Testamento;Eclesiastes;'9';18;547;2822
Velho Testamento;Eclesiastes;'10';20;382;2029
Velho Testamento;Eclesiastes;'11';10;246;1263
Velho Testamento;Eclesiastes;'12';14;340;1761
Velho Testamento;Cânticos;'1';17;321;1680
Velho Testamento;Cânticos;'2';17;326;1694
Velho Testamento;Cânticos;'3';11;244;1303
Velho Testamento;Cânticos;'4';16;377;1971
Velho Testamento;Cânticos;'5';16;387;2049
Velho Testamento;Cânticos;'6';13;271;1443
Velho Testamento;Cânticos;'7';13;276;1417
Velho Testamento;Cânticos;'8';14;341;1792
Velho Testamento;Isaías;'1';31;697;3975
Velho Testamento;Isaías;'2';22;487;2599
Velho Testamento;Isaías;'3';26;539;2806
Velho Testamento;Isaías;'4';6;178;954
Velho Testamento;Isaías;'5';30;796;4165
Velho Testamento;Isaías;'6';13;353;1800
Velho Testamento;Isaías;'7';25;619;3271
Velho Testamento;Isaías;'8';22;490;2748
Velho Testamento;Isaías;'9';21;541;2878
Velho Testamento;Isaías;'10';34;835;4405
Velho Testamento;Isaías;'11';16;452;2339
Velho Testamento;Isaías;'12';6;123;634
Velho Testamento;Isaías;'13';22;530;2844
Velho Testamento;Isaías;'14';32;764;4130
Velho Testamento;Isaías;'15';9;223;1258
Velho Testamento;Isaías;'16';14;360;2019
Velho Testamento;Isaías;'17';14;373;2013
Velho Testamento;Isaías;'18';7;229;1243
Velho Testamento;Isaías;'19';25;631;3468
Velho Testamento;Isaías;'20';6;167;917
Velho Testamento;Isaías;'21';17;368;2014
Velho Testamento;Isaías;'22';25;577;3160
Velho Testamento;Isaías;'23';18;427;2384
Velho Testamento;Isaías;'24';23;507;2735
Velho Testamento;Isaías;'25';12;318;1734
Velho Testamento;Isaías;'26';21;475;2562
Velho Testamento;Isaías;'27';13;350;1873
Velho Testamento;Isaías;'28';29;747;4087
Velho Testamento;Isaías;'29';24;659;3510
Velho Testamento;Isaías;'30';33;947;5040
Velho Testamento;Isaías;'31';9;285;1565
Velho Testamento;Isaías;'32';20;425;2394
Velho Testamento;Isaías;'33';24;555;3112
Velho Testamento;Isaías;'34';17;454;2417
Velho Testamento;Isaías;'35';10;235;1285
Velho Testamento;Isaías;'36';22;596;3254
Velho Testamento;Isaías;'37';38;1037;5535
Velho Testamento;Isaías;'38';22;504;2650
Velho Testamento;Isaías;'39';8;247;1323
Velho Testamento;Isaías;'40';31;736;3837
Velho Testamento;Isaías;'41';29;713;3742
Velho Testamento;Isaías;'42';25;606;3194
Velho Testamento;Isaías;'43';28;635;3358
Velho Testamento;Isaías;'44';28;794;4298
Velho Testamento;Isaías;'45';25;700;3676
Velho Testamento;Isaías;'46';13;322;1679
Velho Testamento;Isaías;'47';15;429;2363
Velho Testamento;Isaías;'48';22;572;2917
Velho Testamento;Isaías;'49';26;785;4143
Velho Testamento;Isaías;'50';11;344;1823
Velho Testamento;Isaías;'51';23;685;3586
Velho Testamento;Isaías;'52';15;371;2060
Velho Testamento;Isaías;'53';12;363;2015
Velho Testamento;Isaías;'54';17;467;2503
Velho Testamento;Isaías;'55';13;365;1936
Velho Testamento;Isaías;'56';12;345;1837
Velho Testamento;Isaías;'57';21;511;2819
Velho Testamento;Isaías;'58';14;472;2492
Velho Testamento;Isaías;'59';21;602;3340
Velho Testamento;Isaías;'60';22;593;3102
Velho Testamento;Isaías;'61';11;356;2064
Velho Testamento;Isaías;'62';12;326;1689
Velho Testamento;Isaías;'63';19;520;2749
Velho Testamento;Isaías;'64';12;291;1610
Velho Testamento;Isaías;'65';25;686;3712
Velho Testamento;Isaías;'66';24;770;4018
Velho Testamento;Jeremias;'1';19;469;2478
Velho Testamento;Jeremias;'2';37;1018;5571
Velho Testamento;Jeremias;'3';25;702;3778
Velho Testamento;Jeremias;'4';31;817;4416
Velho Testamento;Jeremias;'5';31;734;4152
Velho Testamento;Jeremias;'6';30;741;4147
Velho Testamento;Jeremias;'7';34;880;4665
Velho Testamento;Jeremias;'8';22;616;3271
Velho Testamento;Jeremias;'9';26;715;3835
Velho Testamento;Jeremias;'10';25;617;3253
Velho Testamento;Jeremias;'11';23;661;3590
Velho Testamento;Jeremias;'12';17;469;2584
Velho Testamento;Jeremias;'13';27;693;3734
Velho Testamento;Jeremias;'14';22;637;3458
Velho Testamento;Jeremias;'15';21;614;3293
Velho Testamento;Jeremias;'16';21;627;3309
Velho Testamento;Jeremias;'17';27;734;3954
Velho Testamento;Jeremias;'18';23;581;3171
Velho Testamento;Jeremias;'19';15;487;2533
Velho Testamento;Jeremias;'20';18;515;2846
Velho Testamento;Jeremias;'21';14;435;2262
Velho Testamento;Jeremias;'22';30;796;4269
Velho Testamento;Jeremias;'23';40;1069;5784
Velho Testamento;Jeremias;'24';10;324;1696
Velho Testamento;Jeremias;'25';38;1058;5508
Velho Testamento;Jeremias;'26';24;700;3809
Velho Testamento;Jeremias;'27';22;676;3558
Velho Testamento;Jeremias;'28';17;478;2637
Velho Testamento;Jeremias;'29';32;867;4813
Velho Testamento;Jeremias;'30';24;631;3350
Velho Testamento;Jeremias;'31';40;1123;6054
Velho Testamento;Jeremias;'32';44;1293;6889
Velho Testamento;Jeremias;'33';26;738;3893
Velho Testamento;Jeremias;'34';22;751;3994
Velho Testamento;Jeremias;'35';19;576;3279
Velho Testamento;Jeremias;'36';32;967;5241
Velho Testamento;Jeremias;'37';21;540;2964
Velho Testamento;Jeremias;'38';28;811;4410
Velho Testamento;Jeremias;'39';18;470;2640
Velho Testamento;Jeremias;'40';16;624;3326
Velho Testamento;Jeremias;'41';18;579;3154
Velho Testamento;Jeremias;'42';22;639;3427
Velho Testamento;Jeremias;'43';13;396;2120
Velho Testamento;Jeremias;'44';30;1086;5933
Velho Testamento;Jeremias;'45';5;133;715
Velho Testamento;Jeremias;'46';28;740;4037
Velho Testamento;Jeremias;'47';7;189;1045
Velho Testamento;Jeremias;'48';47;1038;5745
Velho Testamento;Jeremias;'49';39;1049;5837
Velho Testamento;Jeremias;'50';46;1276;7147
Velho Testamento;Jeremias;'51';64;1662;9130
Velho Testamento;Jeremias;'52';34;986;5161
Velho Testamento;Lamentações;'1';22;730;4154
Velho Testamento;Lamentações;'2';22;758;4085
Velho Testamento;Lamentações;'3';66;768;4198
Velho Testamento;Lamentações;'4';22;519;2955
Velho Testamento;Lamentações;'5';22;279;1594
Velho Testamento;Ezequiel;'1';28;807;4246
Velho Testamento;Ezequiel;'2';10;242;1242
Velho Testamento;Ezequiel;'3';27;714;3649
Velho Testamento;Ezequiel;'4';17;467;2413
Velho Testamento;Ezequiel;'5';17;551;2900
Velho Testamento;Ezequiel;'6';14;433;2318
Velho Testamento;Ezequiel;'7';27;684;3561
Velho Testamento;Ezequiel;'8';18;572;2952
Velho Testamento;Ezequiel;'9';11;353;1895
Velho Testamento;Ezequiel;'10';22;588;3102
Velho Testamento;Ezequiel;'11';25;622;3346
Velho Testamento;Ezequiel;'12';28;709;3715
Velho Testamento;Ezequiel;'13';23;650;3547
Velho Testamento;Ezequiel;'14';23;687;3684
Velho Testamento;Ezequiel;'15';8;180;1008
Velho Testamento;Ezequiel;'16';63;1652;8901
Velho Testamento;Ezequiel;'17';24;671;3698
Velho Testamento;Ezequiel;'18';32;789;4397
Velho Testamento;Ezequiel;'19';14;322;1732
Velho Testamento;Ezequiel;'20';49;1442;7654
Velho Testamento;Ezequiel;'21';32;833;4552
Velho Testamento;Ezequiel;'22';31;765;4143
Velho Testamento;Ezequiel;'23';49;1210;6718
Velho Testamento;Ezequiel;'24';27;650;3447
Velho Testamento;Ezequiel;'25';17;456;2485
Velho Testamento;Ezequiel;'26';21;612;3251
Velho Testamento;Ezequiel;'27';36;833;4681
Velho Testamento;Ezequiel;'28';26;697;3749
Velho Testamento;Ezequiel;'29';21;620;3201
Velho Testamento;Ezequiel;'30';26;622;3251
Velho Testamento;Ezequiel;'31';18;616;3237
Velho Testamento;Ezequiel;'32';32;913;4891
Velho Testamento;Ezequiel;'33';33;969;5129
Velho Testamento;Ezequiel;'34';31;827;4454
Velho Testamento;Ezequiel;'35';15;345;1842
Velho Testamento;Ezequiel;'36';38;1045;5660
Velho Testamento;Ezequiel;'37';28;780;4016
Velho Testamento;Ezequiel;'38';23;701;3764
Velho Testamento;Ezequiel;'39';29;826;4299
Velho Testamento;Ezequiel;'40';49;1433;7307
Velho Testamento;Ezequiel;'41';26;746;3950
Velho Testamento;Ezequiel;'42';20;557;3020
Velho Testamento;Ezequiel;'43';27;795;4080
Velho Testamento;Ezequiel;'44';31;890;4950
Velho Testamento;Ezequiel;'45';25;749;3987
Velho Testamento;Ezequiel;'46';24;766;4082
Velho Testamento;Ezequiel;'47';23;708;3621
Velho Testamento;Ezequiel;'48';35;971;5063
Velho Testamento;Daniel;'1';21;577;3056
Velho Testamento;Daniel;'2';49;1410;7461
Velho Testamento;Daniel;'3';30;932;5408
Velho Testamento;Daniel;'4';37;1199;6338
Velho Testamento;Daniel;'5';31;935;5110
Velho Testamento;Daniel;'6';28;864;4599
Velho Testamento;Daniel;'7';28;875;4673
Velho Testamento;Daniel;'8';27;764;4048
Velho Testamento;Daniel;'9';27;916;4934
Velho Testamento;Daniel;'10';21;571;3078
Velho Testamento;Daniel;'11';45;1289;6907
Velho Testamento;Daniel;'12';13;345;1887
Velho Testamento;Oséias;'1';11;300;1578
Velho Testamento;Oséias;'2';23;592;3007
Velho Testamento;Oséias;'3';5;131;673
Velho Testamento;Oséias;'4';19;431;2508
Velho Testamento;Oséias;'5';15;333;1823
Velho Testamento;Oséias;'6';11;217;1204
Velho Testamento;Oséias;'7';16;366;1984
Velho Testamento;Oséias;'8';14;276;1593
Velho Testamento;Oséias;'9';17;420;2339
Velho Testamento;Oséias;'10';15;372;2174
Velho Testamento;Oséias;'11';12;267;1428
Velho Testamento;Oséias;'12';14;284;1518
Velho Testamento;Oséias;'13';16;362;1990
Velho Testamento;Oséias;'14';9;216;1192
Velho Testamento;Joel;'1';20;444;2476
Velho Testamento;Joel;'2';32;838;4540
Velho Testamento;Joel;'3';21;506;2708
Velho Testamento;Amós;'1';15;388;2092
Velho Testamento;Amós;'2';16;382;2049
Velho Testamento;Amós;'3';15;347;1875
Velho Testamento;Amós;'4';13;399;2203
Velho Testamento;Amós;'5';27;582;3157
Velho Testamento;Amós;'6';14;354;1880
Velho Testamento;Amós;'7';17;405;2179
Velho Testamento;Amós;'8';14;363;1914
Velho Testamento;Amós;'9';15;474;2377
Velho Testamento;Obadias;'1';21;550;3025
Velho Testamento;Jonas;'1';17;454;2442
Velho Testamento;Jonas;'2';10;196;1026
Velho Testamento;Jonas;'3';10;244;1281
Velho Testamento;Jonas;'4';11;301;1576
Velho Testamento;Miquéias;'1';16;393;2123
Velho Testamento;Miquéias;'2';13;341;1927
Velho Testamento;Miquéias;'3';12;320;1669
Velho Testamento;Miquéias;'4';13;400;2097
Velho Testamento;Miquéias;'5';15;368;1976
Velho Testamento;Miquéias;'6';16;388;2035
Velho Testamento;Miquéias;'7';20;527;2743
Velho Testamento;Naum;'1';15;374;1950
Velho Testamento;Naum;'2';13;326;1880
Velho Testamento;Naum;'3';19;473;2615
Velho Testamento;Habacuque;'1';17;400;2179
Velho Testamento;Habacuque;'2';20;519;2740
Velho Testamento;Habacuque;'3';19;442;2433
Velho Testamento;Sofonias;'1';18;485;2627
Velho Testamento;Sofonias;'2';15;429;2319
Velho Testamento;Sofonias;'3';20;540;2998
Velho Testamento;Ageu;'1';15;407;2206
Velho Testamento;Ageu;'2';23;608;3343
Velho Testamento;Zacarias;'1';21;543;3091
Velho Testamento;Zacarias;'2';13;287;1464
Velho Testamento;Zacarias;'3';10;269;1453
Velho Testamento;Zacarias;'4';14;315;1665
Velho Testamento;Zacarias;'5';11;290;1454
Velho Testamento;Zacarias;'6';15;352;1898
Velho Testamento;Zacarias;'7';14;346;1957
Velho Testamento;Zacarias;'8';23;616;3309
Velho Testamento;Zacarias;'9';17;466;2455
Velho Testamento;Zacarias;'10';12;334;1785
Velho Testamento;Zacarias;'11';17;434;2354
Velho Testamento;Zacarias;'12';14;411;2220
Velho Testamento;Zacarias;'13';9;277;1504
Velho Testamento;Zacarias;'14';21;644;3459
Velho Testamento;Malaquias;'1';14;452;2380
Velho Testamento;Malaquias;'2';17;507;2732
Velho Testamento;Malaquias;'3';18;521;2820
Velho Testamento;Malaquias;'4';6;165;865
Novo Testamento;Mateus;'1';25;464;2381
Novo Testamento;Mateus;'2';23;538;2942
Novo Testamento;Mateus;'3';17;355;1895
Novo Testamento;Mateus;'4';25;454;2562
Novo Testamento;Mateus;'5';48;926;5112
Novo Testamento;Mateus;'6';34;758;4082
Novo Testamento;Mateus;'7';29;527;2912
Novo Testamento;Mateus;'8';34;637;3653
Novo Testamento;Mateus;'9';38;691;4018
Novo Testamento;Mateus;'10';42;822;4347
Novo Testamento;Mateus;'11';30;596;3177
Novo Testamento;Mateus;'12';50;998;5385
Novo Testamento;Mateus;'13';58;1164;6270
Novo Testamento;Mateus;'14';36;607;3404
Novo Testamento;Mateus;'15';39;690;3938
Novo Testamento;Mateus;'16';28;579;3227
Novo Testamento;Mateus;'17';27;532;3025
Novo Testamento;Mateus;'18';35;741;4056
Novo Testamento;Mateus;'19';30;595;3404
Novo Testamento;Mateus;'20';34;645;3662
Novo Testamento;Mateus;'21';46;918;5278
Novo Testamento;Mateus;'22';46;719;4098
Novo Testamento;Mateus;'23';39;787;4331
Novo Testamento;Mateus;'24';51;903;4898
Novo Testamento;Mateus;'25';46;839;4671
Novo Testamento;Mateus;'26';75;1400;7951
Novo Testamento;Mateus;'27';66;1136;6645
Novo Testamento;Mateus;'28';20;389;2189
Novo Testamento;Marcos;'1';45;778;4339
Novo Testamento;Marcos;'2';28;581;3261
Novo Testamento;Marcos;'3';35;615;3302
Novo Testamento;Marcos;'4';41;775;4212
Novo Testamento;Marcos;'5';43;769;4289
Novo Testamento;Marcos;'6';56;1120;6190
Novo Testamento;Marcos;'7';37;681;3859
Novo Testamento;Marcos;'8';38;708;4067
Novo Testamento;Marcos;'9';50;1002;5505
Novo Testamento;Marcos;'10';52;1011;5660
Novo Testamento;Marcos;'11';33;639;3649
Novo Testamento;Marcos;'12';44;945;5313
Novo Testamento;Marcos;'13';37;702;3909
Novo Testamento;Marcos;'14';72;1346;7503
Novo Testamento;Marcos;'15';47;788;4460
Novo Testamento;Marcos;'16';20;372;2131
Novo Testamento;Lucas;'1';80;1351;7328
Novo Testamento;Lucas;'2';52;947;5122
Novo Testamento;Lucas;'3';38;815;4165
Novo Testamento;Lucas;'4';44;848;4608
Novo Testamento;Lucas;'5';39;819;4642
Novo Testamento;Lucas;'6';49;1066;5733
Novo Testamento;Lucas;'7';50;1031;5601
Novo Testamento;Lucas;'8';56;1210;6675
Novo Testamento;Lucas;'9';62;1269;7082
Novo Testamento;Lucas;'10';42;865;4671
Novo Testamento;Lucas;'11';54;1137;6275
Novo Testamento;Lucas;'12';59;1184;6437
Novo Testamento;Lucas;'13';35;727;4055
Novo Testamento;Lucas;'14';35;704;3817
Novo Testamento;Lucas;'15';32;593;3247
Novo Testamento;Lucas;'16';31;665;3604
Novo Testamento;Lucas;'17';37;632;3506
Novo Testamento;Lucas;'18';43;738;4133
Novo Testamento;Lucas;'19';48;849;4735
Novo Testamento;Lucas;'20';47;806;4622
Novo Testamento;Lucas;'21';38;677;3780
Novo Testamento;Lucas;'22';71;1187;6557
Novo Testamento;Lucas;'23';56;957;5511
Novo Testamento;Lucas;'24';53;920;5221
Novo Testamento;João;'1';51;904;4704
Novo Testamento;João;'2';25;432;2381
Novo Testamento;João;'3';36;719;3703
Novo Testamento;João;'4';54;973;5234
Novo Testamento;João;'5';47;906;4726
Novo Testamento;João;'6';71;1333;7056
Novo Testamento;João;'7';53;889;4955
Novo Testamento;João;'8';59;1111;6150
Novo Testamento;João;'9';41;724;3960
Novo Testamento;João;'10';42;734;3887
Novo Testamento;João;'11';57;951;5358
Novo Testamento;João;'12';50;985;5225
Novo Testamento;João;'13';38;744;3985
Novo Testamento;João;'14';31;616;3119
Novo Testamento;João;'15';27;548;2781
Novo Testamento;João;'16';33;660;3450
Novo Testamento;João;'17';26;559;2768
Novo Testamento;João;'18';40;802;4477
Novo Testamento;João;'19';42;885;4974
Novo Testamento;João;'20';31;623;3473
Novo Testamento;João;'21';25;585;3325
Novo Testamento;Atos;'1';26;582;3327
Novo Testamento;Atos;'2';47;921;5194
Novo Testamento;Atos;'3';26;564;3027
Novo Testamento;Atos;'4';37;771;4279
Novo Testamento;Atos;'5';42;874;5068
Novo Testamento;Atos;'6';15;311;1821
Novo Testamento;Atos;'7';60;1252;6806
Novo Testamento;Atos;'8';40;782;4361
Novo Testamento;Atos;'9';43;887;4950
Novo Testamento;Atos;'10';48;974;5334
Novo Testamento;Atos;'11';30;584;3243
Novo Testamento;Atos;'12';25;552;3018
Novo Testamento;Atos;'13';52;1074;6070
Novo Testamento;Atos;'14';28;538;3180
Novo Testamento;Atos;'15';41;805;4787
Novo Testamento;Atos;'16';40;827;4734
Novo Testamento;Atos;'17';34;768;4376
Novo Testamento;Atos;'18';28;562;3246
Novo Testamento;Atos;'19';41;867;5067
Novo Testamento;Atos;'20';38;765;4346
Novo Testamento;Atos;'21';40;921;5260
Novo Testamento;Atos;'22';30;648;3549
Novo Testamento;Atos;'23';35;753;4350
Novo Testamento;Atos;'24';27;553;3220
Novo Testamento;Atos;'25';27;594;3503
Novo Testamento;Atos;'26';32;715;3961
Novo Testamento;Atos;'27';44;928;5203
Novo Testamento;Atos;'28';31;717;4037
Novo Testamento;Romanos;'1';32;653;3846
Novo Testamento;Romanos;'2';29;565;3061
Novo Testamento;Romanos;'3';31;523;2914
Novo Testamento;Romanos;'4';25;520;2854
Novo Testamento;Romanos;'5';21;482;2652
Novo Testamento;Romanos;'6';23;447;2586
Novo Testamento;Romanos;'7';25;542;2787
Novo Testamento;Romanos;'8';39;854;4663
Novo Testamento;Romanos;'9';33;646;3435
Novo Testamento;Romanos;'10';21;418;2191
Novo Testamento;Romanos;'11';36;718;4071
Novo Testamento;Romanos;'12';21;378;2182
Novo Testamento;Romanos;'13';14;328;1811
Novo Testamento;Romanos;'14';23;511;2571
Novo Testamento;Romanos;'15';33;655;3739
Novo Testamento;Romanos;'16';27;483;2694
Novo Testamento;1 Coríntios;'1';31;588;3212
Novo Testamento;1 Coríntios;'2';16;336;1917
Novo Testamento;1 Coríntios;'3';23;418;2226
Novo Testamento;1 Coríntios;'4';21;440;2451
Novo Testamento;1 Coríntios;'5';13;291;1615
Novo Testamento;1 Coríntios;'6';20;455;2431
Novo Testamento;1 Coríntios;'7';40;864;4618
Novo Testamento;1 Coríntios;'8';13;274;1483
Novo Testamento;1 Coríntios;'9';27;589;3125
Novo Testamento;1 Coríntios;'10';33;602;3319
Novo Testamento;1 Coríntios;'11';34;632;3423
Novo Testamento;1 Coríntios;'12';31;560;3031
Novo Testamento;1 Coríntios;'13';13;256;1426
Novo Testamento;1 Coríntios;'14';40;771;4409
Novo Testamento;1 Coríntios;'15';58;1052;5912
Novo Testamento;1 Coríntios;'16';24;385;2144
Novo Testamento;2 Coríntios;'1';24;560;3052
Novo Testamento;2 Coríntios;'2';17;337;1893
Novo Testamento;2 Coríntios;'3';18;371;2036
Novo Testamento;2 Coríntios;'4';18;388;2175
Novo Testamento;2 Coríntios;'5';21;425;2437
Novo Testamento;2 Coríntios;'6';18;317;1801
Novo Testamento;2 Coríntios;'7';16;401;2390
Novo Testamento;2 Coríntios;'8';24;501;2816
Novo Testamento;2 Coríntios;'9';15;347;1946
Novo Testamento;2 Coríntios;'10';18;390;2261
Novo Testamento;2 Coríntios;'11';33;643;3669
Novo Testamento;2 Coríntios;'12';21;493;2786
Novo Testamento;2 Coríntios;'13';14;294;1632
Novo Testamento;Gálatas;'1';24;424;2283
Novo Testamento;Gálatas;'2';21;508;2948
Novo Testamento;Gálatas;'3';29;591;3209
Novo Testamento;Gálatas;'4';31;545;2982
Novo Testamento;Gálatas;'5';26;402;2393
Novo Testamento;Gálatas;'6';18;327;1816
Novo Testamento;Efésios;'1';23;464;2537
Novo Testamento;Efésios;'2';22;408;2318
Novo Testamento;Efésios;'3';21;383;2154
Novo Testamento;Efésios;'4';32;561;3076
Novo Testamento;Efésios;'5';33;510;2849
Novo Testamento;Efésios;'6';24;457;2473
Novo Testamento;Filipenses;'1';30;584;3218
Novo Testamento;Filipenses;'2';30;557;3083
Novo Testamento;Filipenses;'3';21;433;2426
Novo Testamento;Filipenses;'4';23;449;2517
Novo Testamento;Colossenses;'1';29;627;3431
Novo Testamento;Colossenses;'2';23;457;2663
Novo Testamento;Colossenses;'3';25;447;2605
Novo Testamento;Colossenses;'4';18;340;1879
Novo Testamento;1 Tessalonicenses;'1';10;242;1304
Novo Testamento;1 Tessalonicenses;'2';20;474;2678
Novo Testamento;1 Tessalonicenses;'3';13;278;1560
Novo Testamento;1 Tessalonicenses;'4';18;366;2113
Novo Testamento;1 Tessalonicenses;'5';28;395;2200
Novo Testamento;2 Tessalonicenses;'1';12;289;1505
Novo Testamento;2 Tessalonicenses;'2';17;357;1935
Novo Testamento;2 Tessalonicenses;'3';18;318;1776
Novo Testamento;1 Timóteo;'1';20;413;2325
Novo Testamento;1 Timóteo;'2';15;252;1389
Novo Testamento;1 Timóteo;'3';16;274;1606
Novo Testamento;1 Timóteo;'4';16;293;1636
Novo Testamento;1 Timóteo;'5';25;452;2586
Novo Testamento;1 Timóteo;'6';21;458;2590
Novo Testamento;2 Timóteo;'1';18;393;2103
Novo Testamento;2 Timóteo;'2';26;459;2624
Novo Testamento;2 Timóteo;'3';17;281;1786
Novo Testamento;2 Timóteo;'4';22;371;2096
Novo Testamento;Tito;'1';16;328;1993
Novo Testamento;Tito;'2';15;255;1495
Novo Testamento;Tito;'3';15;274;1659
Novo Testamento;Filemom;'1';25;406;2165
Novo Testamento;Hebreus;'1';14;288;1569
Novo Testamento;Hebreus;'2';18;390;2205
Novo Testamento;Hebreus;'3';19;345;1916
Novo Testamento;Hebreus;'4';16;349;1989
Novo Testamento;Hebreus;'5';14;284;1641
Novo Testamento;Hebreus;'6';20;393;2261
Novo Testamento;Hebreus;'7';28;552;3286
Novo Testamento;Hebreus;'8';13;331;1868
Novo Testamento;Hebreus;'9';28;631;3635
Novo Testamento;Hebreus;'10';39;693;4070
Novo Testamento;Hebreus;'11';40;817;4601
Novo Testamento;Hebreus;'12';29;624;3552
Novo Testamento;Hebreus;'13';25;461;2622
Novo Testamento;Tiago;'1';27;496;2734
Novo Testamento;Tiago;'2';26;506;2788
Novo Testamento;Tiago;'3';18;366;2047
Novo Testamento;Tiago;'4';17;327;1780
Novo Testamento;Tiago;'5';20;424;2379
Novo Testamento;1 Pedro;'1';25;560;3233
Novo Testamento;1 Pedro;'2';25;489;2895
Novo Testamento;1 Pedro;'3';22;487;2826
Novo Testamento;1 Pedro;'4';19;409;2368
Novo Testamento;1 Pedro;'5';14;273;1601
Novo Testamento;2 Pedro;'1';21;434;2574
Novo Testamento;2 Pedro;'2';22;506;3122
Novo Testamento;2 Pedro;'3';18;426;2464
Novo Testamento;1 João;'1';10;216;1138
Novo Testamento;1 João;'2';29;614;3312
Novo Testamento;1 João;'3';24;493;2633
Novo Testamento;1 João;'4';21;457;2247
Novo Testamento;1 João;'5';21;483;2362
Novo Testamento;2 João;'1';13;273;1472
Novo Testamento;3 João;'1';14;265;1428
Novo Testamento;Judas;'1';25;558;3436
Novo Testamento;Apocalipse;'1';20;564;2799
Novo Testamento;Apocalipse;'2';29;714;3697
Novo Testamento;Apocalipse;'3';22;564;2875
Novo Testamento;Apocalipse;'4';11;345;1822
Novo Testamento;Apocalipse;'5';14;404;2015
Novo Testamento;Apocalipse;'6';17;477;2430
Novo Testamento;Apocalipse;'7';17;450;2423
Novo Testamento;Apocalipse;'8';13;365;1862
Novo Testamento;Apocalipse;'9';21;545;2813
Novo Testamento;Apocalipse;'10';11;309;1455
Novo Testamento;Apocalipse;'11';19;545;2830
Novo Testamento;Apocalipse;'12';17;478;2368
Novo Testamento;Apocalipse;'13';18;478;2444
Novo Testamento;Apocalipse;'14';20;614;3055
Novo Testamento;Apocalipse;'15';8;239;1231
Novo Testamento;Apocalipse;'16';21;526;2680
Novo Testamento;Apocalipse;'17';18;487;2488
Novo Testamento;Apocalipse;'18';24;692;3661
Novo Testamento;Apocalipse;'19';21;595;3077
Novo Testamento;Apocalipse;'20';15;424;2128
Novo Testamento;Apocalipse;'21';27;684;3511
Novo Testamento;Apocalipse;'22';21;501;2621
